{
  "project_info": {
    "project_number": "54168648549",
    "project_id": "final-project-c4b1e",
    "storage_bucket": "final-project-c4b1e.appspot.com"
  },
  "client": [
    {
      "client_info": {
        "mobilesdk_app_id": "1:54168648549:android:e4cc0f69ad1bf38969bf8c",
        "android_client_info": {
          "package_name": "com.example.finalproject"
        }
      },
      "oauth_client": [],
      "api_key": [
        {
          "current_key": "AIzaSyBVcMT9rnFyvRSpEoRhFnJx1ydcWrC5rs0"
        }
      ],
      "services": {
        "appinvite_service": {
          "other_platform_oauth_client": []
        }
      }
    }
  ],
  "configuration_version": "1"
}